,Mon,Tue,Wed,Thur,Fri,Sat,Sun
1,,,,,1,2,3
1,4,5,6,7,8,9,10
1,11,12,13,14,15,16,17
1,18,19,20,21,22,23,24
1,25,26,27,28,29,30,31
2,1,2,3,4,5,6,7
2,8,9,10,11,12,13,14
2,15,16,17,18,19,20,21
2,22,23,24,25,26,27,28
2,,,,,,,
3,1,2,3,4,5,6,7
3,8,9,10,11,12,13,14
3,15,16,17,18,19,20,21
3,22,23,24,25,26,27,28
3,29,30,31,,,,
4,,,,1,2,3,4
4,5,6,7,8,9,10,11
4,12,13,14,15,16,17,18
4,19,20,21,22,23,24,25
4,26,27,28,29,30,,
5,3,4,5,6,7,1,2
5,10,11,12,13,14,8,9
5,17,18,19,20,21,15,16
5,24,25,26,27,28,22,23
5,31,,,,,29,30
6,7,1,2,3,4,5,6
6,14,8,9,10,11,12,13
6,21,15,16,17,18,19,20
6,28,22,23,24,25,26,27
6,,29,30,,,,
7,5,6,7,1,2,3,4
7,12,13,14,8,9,10,11
7,19,20,21,15,16,17,18
7,26,27,28,22,23,24,25
7,,,,29,30,31,
8,2,3,4,5,6,7,1
8,9,10,11,12,13,14,8
8,16,17,18,19,20,21,15
8,23,24,25,26,27,28,22
8,30,31,,,,,29
9,6,7,1,2,3,4,5
9,13,14,8,9,10,11,12
9,20,21,15,16,17,18,19
9,27,28,22,23,24,25,26
9,,,29,30,,,
10,,,,,1,2,3
10,4,5,6,7,8,9,10
10,11,12,13,14,15,16,17
10,18,19,20,21,22,23,24
10,25,26,27,28,29,30,31
11,1,2,3,4,5,6,7
11,8,9,10,11,12,13,14
11,15,16,17,18,19,20,21
11,22,23,24,25,26,27,28
11,29,30,,,,,
12,,,1,2,3,4,5
12,6,7,8,9,10,11,12
12,13,14,15,16,17,18,19
12,20,21,22,23,24,25,26
12,27,28,29,30,31,,
